Isim,Ekran_Puan,Hafiza_Puan,Kamera_Puan,Fiyat
A,68,25,83,16784
B,49,76,91,23658
C,92,41,14,19939
D,12,87,50,11743
E,77,19,60,21876
F,63,38,29,15492
G,33,97,51,19401
H,85,72,72,27819
I,74,56,95,29215
J,44,68,10,11039
K,29,33,42,5325
L,95,84,79,29320
M,52,47,66,22343
N,41,11,89,25781
O,17,52,98,22596
P,89,63,31,18425
Q,21,35,67,7631
R,59,82,48,20494
S,79,29,22,10249
T,38,93,70,24604
U,67,71,16,15671
V,28,51,38,10002
W,97,88,84,29995
X,46,65,97,25078
Y,14,78,75,14891
Z,83,22,55,18937